{"structure": [0, 0], "results": [[[-0.7640958379457548, 1.3135123576289747], [0.0, 0.5838424466278296, 1.7253146910433654]], [[-0.831130476361211, 0.9048762883302186], [0.0, 0.6907778731956787, 0.8188010972168609]], [[-0.8868816003845337, -2.0984229992680734], [0.7865589434395515, 0.0, 1.4678325906003602]], [[0.19774348698329042, -0.139490991266547], [0.0, 0.03910248199590462, 0.01945773180161631]], [[0.6604388126746963, -0.29821440710650754], [0.0, 0.43617942045345487, 0.08893182818356742]], [[-1.5321252260534688, 0.6317490025283794], [0.0, 2.34740773374115, 0.39910679640705227]], [[0.7467013466948237, 0.7879556153050252], [0.5575627082809377, 0.0, 0.0017019147432080198]], [[-0.512456411269977, 1.8703777147713914], [0.0, 0.2626115719212137, 3.4983127117640023]], [[0.5033673922911513, -0.6976687353967235], [0.0, 0.25337872526764865, 0.48674165792907614]], [[1.6638865517465626, -0.0779010127476628], [0.0, 2.76851794348649, 0.006068567480782993]], [[1.4079495327631721, 0.6932758136358136], [0.48063135344042446, 0.5107585299135355, 0.0]], [[1.2020555870452556, -1.1207316127560543], [0.0, 1.4449376670435579, 1.256039408852962]], [[0.09692874411365077, -1.2801305375889642], [0.0, 0.009395180549873415, 1.6387340877853167]], [[-0.9514653167984576, 0.958587407700761], [0.0, 0.9052862525649655, 0.9188898209601589]], [[0.31790773568312003, -0.7224036095248888], [0.0, 0.10106532682870277, 0.5218669662987175]], [[1.4785689983351917, 1.0864622869400846], [1.1804003484077494, 0.1537476681229486, 0.0]], [[0.6457016918044249, -0.9309579073608099], [0.0, 0.4169306751884766, 0.8666826163209382]], [[-2.922867456323409, 0.2780388646587202], [0.0, 8.543154329595241, 0.0773056068100403]], [[0.8489292535723381, 0.2221743168052258], [0.0493614274636063, 0.39282174555642135, 0.0]], [[-0.7774277903993453, -0.9019372076331252], [0.6043939023918867, 0.0, 0.015502594597310952]], [[1.0472187393613015, -0.27156597806453286], [0.0, 1.09666707176636, 0.07374808231953767]], [[-0.1506941284330622, 0.4119457314682353], [0.0, 0.022708720247617213, 0.16969928005814752]], [[2.5270103193784954, 2.1859344823905555], [4.778310176983658, 0.11633271263847642, 0.0]], [[-0.13261964059173745, -0.06699305331623642], [0.004488069848668237, 0.004306847228786238, 0.0]], [[-1.5487599458708863, 0.4575878924002083], [0.0, 2.3986573213052114, 0.2093866757104964]], [[0.017867742748963796, 1.0053662358928357], [0.0003192536823948028, 0.0, 0.9751462101716075]], [[0.3174478074979982, -0.8252140973833234], [0.0, 0.10077311270275349, 0.6809783080340802]], [[-0.5401268831403353, -2.3807565859150026], [0.2917370484824298, 0.0, 3.387917541800309]], [[-0.5480043890080456, 0.06373862603961836], [0.0, 0.3003088450118992, 0.00406261182735196]], [[-1.8826860942210522, -0.5785204387839181], [0.3346858836046584, 1.7008480434704651, 0.0]], [[0.15159355286330423, 0.7407322957059735], [0.022980603819045438, 0.0, 0.34708445978768704]], [[0.05645088424779094, -0.05804397244187482], [0.0, 0.0031867022254408093, 0.0033691027586867303]], [[-0.896581804873589, -1.458361642437693], [0.8038589134947468, 0.0, 0.31559658779346333]], [[0.03301226129781854, 0.05676904633057638], [0.0010898100220839207, 0.0, 0.0005643837973265887]], [[-0.6558414763103677, -0.9543924532399843], [0.43012804102698254, 0.0, 0.08913268448941802]], [[-0.8079096992721098, -1.3716004496289353], [0.652718063614705, 0.0, 0.3177472567423379]], [[-0.5176789321907981, 1.6910634346792868], [0.0, 0.2679914743693782, 2.859695647744117]], [[-1.39381298306875, 1.9372620441354529], [0.0, 1.9427146470592733, 3.752984606650107]], [[-0.4504135327587563, -0.029295835749927692], [0.0008582453511628291, 0.17734030650568605, 0.0]], [[-1.2670439095251194, -0.5885914914657088], [0.34643993763947617, 0.4602976810306222, 0.0]], [[1.5082713591035695, 1.2202808247506007], [1.4890853143909277, 0.08293854696279564, 0.0]], [[-1.369945874758911, 1.3511635894949066], [0.0, 1.876751627005194, 1.825643190918647]], [[1.0865743435163844, 1.6307924894180172], [1.180643775205542, 0.0, 0.29617338525137543]], [[1.2727131793544464, 2.418470710705746], [1.6197989610128183, 0.0, 1.3127602206127795]], [[-0.14843663188187328, -0.027176358311128364], [0.0007385515711058208, 0.014704039126749323, 0.0]], [[-0.35295019229783564, 0.16280829891933168], [0.0, 0.12457384147407176, 0.026506542237195077]], [[-0.20126549962670412, 0.6665150311091931], [0.0, 0.04050780209436838, 0.4442422897684002]], [[-1.5609747125736377, -0.11647347064944931], [0.013566067452796699, 2.086583703886593, 0.0]], [[-0.9687493577581581, 1.3091853910889795], [0.0, 0.9384753231190869, 1.7139662704144127]], [[-0.3248999153626782, -0.23464246118161652], [0.05505706225607431, 0.00814640720790177, 0.0]], [[0.01496919691842856, -1.194702924497843], [0.0, 0.00022407315109488894, 1.4273135049952352]], [[-0.5971292244894616, 0.2744735521512317], [0.0, 0.3565632976079378, 0.07533572813232282]], [[1.2233989454356966, 0.5828004819834448], [0.3396564045016517, 0.4103663868698746, 0.0]], [[-0.44632460229916326, -0.6286986418580314], [0.19920565686567024, 0.0, 0.0332602913107326]], [[0.21895149497341776, 0.6939239403449277], [0.04793975650360665, 0.0, 0.2255988184215507]], [[1.3220303803135642, -0.13284781637559345], [0.0, 1.747764215272298, 0.017648541936855142]], [[0.2500369947651257, 1.254503060494227], [0.06251849823973826, 0.0, 1.008952100537765]], [[-0.626466778594104, 0.4636393885559757], [0.0, 0.39246062727061476, 0.21496147983429661]], [[0.2512876046655148, -1.7987789339010765], [0.0, 0.06314545843327844, 3.235605765281727]], [[0.15064623313878694, 0.7362820323470401], [0.022694287209117717, 0.0, 0.3429692867902701]], [[-0.7681598276922109, 0.45082889505755536], [0.0, 0.590069510445315, 0.20324668984284883]], [[1.3782786018421922, -0.9850737821537767], [0.0, 1.8996519673332828, 0.9703703751938567]], [[2.3083999890399167, 1.1448283190146449], [1.310631841911564, 1.3538990253195449, 0.0]], [[-0.5149722854301387, 0.5784122251515104], [0.0, 0.26519645563095484, 0.3345606986909341]], [[-0.35492583306978076, 0.2906238266576723], [0.0, 0.12597234848582797, 0.08446220725436432]], [[0.7240866275602559, -1.8891977904195258], [0.0, 0.5243014479507944, 3.569068303317826]], [[-0.2198586524698209, 1.5141387798771722], [0.0, 0.04833782673030128, 2.292616236632948]], [[-0.23023626897509017, -1.0189863453035235], [0.053008740110569434, 0.0, 0.6221266853569676]], [[1.023676009495029, -0.04564616791636098], [0.0, 1.04791218248322, 0.002083571903982711]], [[1.9141407598671094, -1.243070467346692], [0.0, 3.6639353303719275, 1.545224098297606]], [[-1.3834884569313863, -0.9687389991882025], [0.9384552893647083, 0.17201711332190206, 0.0]], [[-0.12089630447716786, -0.6230715794363744], [0.014615914631925169, 0.0, 0.2521799868774185]], [[0.24472016766584195, -1.130221576519855], [0.0, 0.05988795797900546, 1.277400839444913]], [[0.8864175893105187, 1.4640645053796058], [0.7857361623309382, 0.0, 0.3336759512078833]], [[-0.028685396611575664, -0.1393329284828686], [0.0008228493322611864, 0.0, 0.012242858946421808]], [[-0.7004790921270249, 1.4495589284757087], [0.0, 0.49067096457493237, 2.101221154625478]], [[0.16539439806413378, 1.4825822925111949], [0.027355305821729275, 0.0, 1.7349839880333229]], [[0.829290643112645, -0.8287053501524955], [0.0, 0.6877229773560793, 0.6867525465756449]], [[-0.18937175947398374, 1.6278767805366408], [0.0, 0.03586166137994619, 2.649982781775574]], [[-0.824692366786368, -0.3140622023573909], [0.09863506565348035, 0.260743166069185, 0.0]], [[-0.8519506254033785, -0.7679677715958959], [0.5897744411314033, 0.007053117370793365, 0.0]], [[0.533129279132235, 1.7957550155164843], [0.28422682323018367, 0.0, 1.5942237783064361]], [[-0.537315931402766, -1.9358024669406355], [0.28870841039121314, 0.0, 1.955764611280754]], [[0.5297449055665647, 0.7497004753394089], [0.2806296789788216, 0.0, 0.04838045030361639]], [[0.13020002085803062, 1.3349645294074568], [0.016952045558152076, 0.0, 1.4514575076947915]], [[0.18420177978503588, 